{
  "snapshotAt": "2026-05-15T12:52:35.464Z",
  "sinceDate": null,
  "totalSignals": 576,
  "cohorts": {
    "all": {
      "label": "ALL",
      "n": 572,
      "wins": 394,
      "losses": 178,
      "wr": 0.6888111888111889,
      "wrCI": [
        0.6497153834157098,
        0.7253877699514663
      ],
      "totR": 644.0000000000001,
      "avgR": 1.125874125874126
    },
    "confirmed": {
      "label": "CONFIRMED",
      "n": 565,
      "wins": 394,
      "losses": 171,
      "wr": 0.6973451327433628,
      "wrCI": [
        0.6582352930481262,
        0.733789481511259
      ],
      "totR": 651.0000000000001,
      "avgR": 1.1522123893805312
    },
    "cleanFast": {
      "label": "CLEAN-FAST",
      "n": 392,
      "wins": 291,
      "losses": 101,
      "wr": 0.7423469387755102,
      "wrCI": [
        0.6968467945234159,
        0.7831431812648791
      ],
      "totR": 496.10000000000014,
      "avgR": 1.2655612244897962
    }
  },
  "byDirZone": {
    "long_HVN": {
      "label": "long × HVN",
      "n": 108,
      "wins": 86,
      "losses": 22,
      "wr": 0.7962962962962963,
      "wrCI": [
        0.7107849487620017,
        0.8614529305244176
      ],
      "totR": 91.8,
      "avgR": 0.85
    },
    "long_VAL": {
      "label": "long × VAL",
      "n": 243,
      "wins": 166,
      "losses": 77,
      "wr": 0.6831275720164609,
      "wrCI": [
        0.6221659373714005,
        0.7383891716539827
      ],
      "totR": 324.8000000000001,
      "avgR": 1.3366255144032928
    },
    "long_VAH": {
      "label": "long × VAH",
      "n": 45,
      "wins": 39,
      "losses": 6,
      "wr": 0.8666666666666667,
      "wrCI": [
        0.738224177587027,
        0.9374293636565033
      ],
      "totR": 76,
      "avgR": 1.6888888888888889
    },
    "short_HVN": {
      "label": "short × HVN",
      "n": 44,
      "wins": 32,
      "losses": 12,
      "wr": 0.7272727272727273,
      "wrCI": [
        0.581508453144907,
        0.8365377660450867
      ],
      "totR": 47,
      "avgR": 1.0681818181818181
    },
    "short_VAH": {
      "label": "short × VAH",
      "n": 128,
      "wins": 70,
      "losses": 58,
      "wr": 0.546875,
      "wrCI": [
        0.46052480149159786,
        0.6304935113929545
      ],
      "totR": 105.4,
      "avgR": 0.8234375
    }
  },
  "bySetup": {
    "A — Full Confluence": {
      "label": "A — Full Confluence",
      "n": 73,
      "wins": 62,
      "losses": 11,
      "wr": 0.8493150684931506,
      "wrCI": [
        0.7499788763087365,
        0.9137241179027322
      ],
      "totR": 88.8,
      "avgR": 1.2164383561643834
    },
    "C — Low Confluence": {
      "label": "C — Low Confluence",
      "n": 235,
      "wins": 141,
      "losses": 94,
      "wr": 0.6,
      "wrCI": [
        0.5362399883364681,
        0.6605431516190505
      ],
      "totR": 222.79999999999995,
      "avgR": 0.9480851063829785
    },
    "B — Partial Confluence": {
      "label": "B — Partial Confluence",
      "n": 260,
      "wins": 190,
      "losses": 70,
      "wr": 0.7307692307692307,
      "wrCI": [
        0.6737812433278099,
        0.7810371022249762
      ],
      "totR": 333.40000000000003,
      "avgR": 1.2823076923076924
    },
    "LEGACY (pre-VRVP-rewrite)": {
      "label": "LEGACY (pre-VRVP-rewrite)",
      "n": 4,
      "wins": 1,
      "losses": 3,
      "wr": 0.25,
      "wrCI": [
        0.045586062644636216,
        0.6993639475573634
      ],
      "totR": -1,
      "avgR": -0.25
    }
  },
  "anomalies": {
    "unconfirmed_stops": 7,
    "confirmed_after_close": 158,
    "slow_confirms_over_1h": 79,
    "zombie_setupType": 0
  }
}