{
  "snapshotAt": "2026-05-15T08:23:09.161Z",
  "sinceDate": null,
  "totalSignals": 575,
  "cohorts": {
    "all": {
      "label": "ALL",
      "n": 567,
      "wins": 394,
      "losses": 173,
      "wr": 0.6948853615520282,
      "wrCI": [
        0.655777652149418,
        0.731370025945521
      ],
      "totR": 649.0000000000001,
      "avgR": 1.144620811287478
    },
    "confirmed": {
      "label": "CONFIRMED",
      "n": 560,
      "wins": 394,
      "losses": 166,
      "wr": 0.7035714285714286,
      "wrCI": [
        0.6644632501697554,
        0.7399056364111567
      ],
      "totR": 656.0000000000001,
      "avgR": 1.1714285714285717
    },
    "cleanFast": {
      "label": "CLEAN-FAST",
      "n": 387,
      "wins": 291,
      "losses": 96,
      "wr": 0.751937984496124,
      "wrCI": [
        0.7065720834547442,
        0.7923512655439295
      ],
      "totR": 501.10000000000014,
      "avgR": 1.2948320413436696
    }
  },
  "byDirZone": {
    "long_HVN": {
      "label": "long × HVN",
      "n": 108,
      "wins": 86,
      "losses": 22,
      "wr": 0.7962962962962963,
      "wrCI": [
        0.7107849487620017,
        0.8614529305244176
      ],
      "totR": 91.8,
      "avgR": 0.85
    },
    "long_VAL": {
      "label": "long × VAL",
      "n": 238,
      "wins": 166,
      "losses": 72,
      "wr": 0.6974789915966386,
      "wrCI": [
        0.6363631133270679,
        0.7523210501915326
      ],
      "totR": 329.8000000000001,
      "avgR": 1.3857142857142863
    },
    "long_VAH": {
      "label": "long × VAH",
      "n": 45,
      "wins": 39,
      "losses": 6,
      "wr": 0.8666666666666667,
      "wrCI": [
        0.738224177587027,
        0.9374293636565033
      ],
      "totR": 76,
      "avgR": 1.6888888888888889
    },
    "short_HVN": {
      "label": "short × HVN",
      "n": 44,
      "wins": 32,
      "losses": 12,
      "wr": 0.7272727272727273,
      "wrCI": [
        0.581508453144907,
        0.8365377660450867
      ],
      "totR": 47,
      "avgR": 1.0681818181818181
    },
    "short_VAH": {
      "label": "short × VAH",
      "n": 128,
      "wins": 70,
      "losses": 58,
      "wr": 0.546875,
      "wrCI": [
        0.46052480149159786,
        0.6304935113929545
      ],
      "totR": 105.4,
      "avgR": 0.8234375
    }
  },
  "bySetup": {
    "C — Low Confluence": {
      "label": "C — Low Confluence",
      "n": 231,
      "wins": 141,
      "losses": 90,
      "wr": 0.6103896103896104,
      "wrCI": [
        0.5461860213112858,
        0.6709816355263444
      ],
      "totR": 226.79999999999998,
      "avgR": 0.9818181818181817
    },
    "B — Partial Confluence": {
      "label": "B — Partial Confluence",
      "n": 259,
      "wins": 190,
      "losses": 69,
      "wr": 0.7335907335907336,
      "wrCI": [
        0.6766222864491676,
        0.7837310213986008
      ],
      "totR": 334.40000000000003,
      "avgR": 1.2911196911196912
    },
    "A — Full Confluence": {
      "label": "A — Full Confluence",
      "n": 73,
      "wins": 62,
      "losses": 11,
      "wr": 0.8493150684931506,
      "wrCI": [
        0.7499788763087365,
        0.9137241179027322
      ],
      "totR": 88.8,
      "avgR": 1.2164383561643834
    },
    "LEGACY (pre-VRVP-rewrite)": {
      "label": "LEGACY (pre-VRVP-rewrite)",
      "n": 4,
      "wins": 1,
      "losses": 3,
      "wr": 0.25,
      "wrCI": [
        0.045586062644636216,
        0.6993639475573634
      ],
      "totR": -1,
      "avgR": -0.25
    }
  },
  "anomalies": {
    "unconfirmed_stops": 7,
    "confirmed_after_close": 158,
    "slow_confirms_over_1h": 79,
    "zombie_setupType": 0
  }
}