{
  "snapshotAt": "2026-06-15T08:42:32.546Z",
  "sinceDate": null,
  "totalSignals": 629,
  "cohorts": {
    "all": {
      "label": "ALL",
      "n": 614,
      "wins": 424,
      "losses": 190,
      "wr": 0.6905537459283387,
      "wrCI": [
        0.6528987243592761,
        0.7258391268958029
      ],
      "totR": 687.0000000000002,
      "avgR": 1.1188925081433228
    },
    "confirmed": {
      "label": "CONFIRMED",
      "n": 607,
      "wins": 424,
      "losses": 183,
      "wr": 0.6985172981878089,
      "wrCI": [
        0.6608549369213558,
        0.7336826977125658
      ],
      "totR": 694.0000000000001,
      "avgR": 1.1433278418451402
    },
    "cleanFast": {
      "label": "CLEAN-FAST",
      "n": 434,
      "wins": 321,
      "losses": 113,
      "wr": 0.7396313364055299,
      "wrCI": [
        0.6963696220534575,
        0.7786880243647903
      ],
      "totR": 539.1000000000001,
      "avgR": 1.242165898617512
    }
  },
  "byDirZone": {
    "long_HVN": {
      "label": "long × HVN",
      "n": 109,
      "wins": 87,
      "losses": 22,
      "wr": 0.7981651376146789,
      "wrCI": [
        0.7132649487484248,
        0.8627637498875391
      ],
      "totR": 93.8,
      "avgR": 0.8605504587155963
    },
    "long_VAL": {
      "label": "long × VAL",
      "n": 249,
      "wins": 168,
      "losses": 81,
      "wr": 0.6746987951807228,
      "wrCI": [
        0.6142364791573344,
        0.72985246823107
      ],
      "totR": 325.8000000000001,
      "avgR": 1.3084337349397595
    },
    "long_VAH": {
      "label": "long × VAH",
      "n": 45,
      "wins": 39,
      "losses": 6,
      "wr": 0.8666666666666667,
      "wrCI": [
        0.738224177587027,
        0.9374293636565033
      ],
      "totR": 76,
      "avgR": 1.6888888888888889
    },
    "short_HVN": {
      "label": "short × HVN",
      "n": 75,
      "wins": 56,
      "losses": 19,
      "wr": 0.7466666666666667,
      "wrCI": [
        0.6378945938331628,
        0.8314008035205185
      ],
      "totR": 81,
      "avgR": 1.08
    },
    "short_VAH": {
      "label": "short × VAH",
      "n": 132,
      "wins": 73,
      "losses": 59,
      "wr": 0.553030303030303,
      "wrCI": [
        0.4679081278549537,
        0.6351530846160418
      ],
      "totR": 111.4,
      "avgR": 0.843939393939394
    }
  },
  "bySetup": {
    "B — Partial Confluence": {
      "label": "B — Partial Confluence",
      "n": 291,
      "wins": 213,
      "losses": 78,
      "wr": 0.7319587628865979,
      "wrCI": [
        0.6782863836412625,
        0.7795865895077096
      ],
      "totR": 367.4000000000001,
      "avgR": 1.2625429553264609
    },
    "C — Low Confluence": {
      "label": "C — Low Confluence",
      "n": 245,
      "wins": 147,
      "losses": 98,
      "wr": 0.6,
      "wrCI": [
        0.5375670675198805,
        0.6593453458386576
      ],
      "totR": 229.79999999999995,
      "avgR": 0.9379591836734692
    },
    "A — Full Confluence": {
      "label": "A — Full Confluence",
      "n": 74,
      "wins": 63,
      "losses": 11,
      "wr": 0.8513513513513513,
      "wrCI": [
        0.7531029907801314,
        0.9149202769841487
      ],
      "totR": 90.8,
      "avgR": 1.227027027027027
    },
    "LEGACY (pre-VRVP-rewrite)": {
      "label": "LEGACY (pre-VRVP-rewrite)",
      "n": 4,
      "wins": 1,
      "losses": 3,
      "wr": 0.25,
      "wrCI": [
        0.045586062644636216,
        0.6993639475573634
      ],
      "totR": -1,
      "avgR": -0.25
    }
  },
  "anomalies": {
    "unconfirmed_stops": 7,
    "confirmed_after_close": 159,
    "slow_confirms_over_1h": 79,
    "zombie_setupType": 0
  }
}